secteur,rue
,10e Avenue
,1re Avenue
,2e Avenue
,3e Avenue
,4e Avenue
,5e Avenue
,6e Avenue
,7e Avenue
,8e Avenue
,9e Avenue
,Autoroute 1
,Autoroute 25
,Avenue Bourque
,Avenue Charron
,Avenue Crépeau
,Avenue Dupuis
,Avenue Garden
,Avenue Lafleur
,Avenue Laurier
,Avenue Louise
,Avenue Louvain
,Avenue Marie-Victorin
,Avenue Mathieu
,Avenue Michel
,Avenue Napoléon
,Avenue Phillips
,Avenue Pierre
,Avenue Prévert
,Avenue Rawlinson
,Avenue Saint-Denis
,Avenue Saint-Jean
,Avenue Saint-Luc
,Avenue Therrien
,Avenue Victor-Hugo
,Avenue de Chambery
,Avenue de Charlevoix
,Avenue de Charny
,Avenue de Châteaubriant
,Avenue de L'Étang
,Avenue de Maupassant
,Avenue de Maussac
,Avenue de Normandie
,Avenue de l'Envolée
,Avenue de l'Esplanade
,Avenue de la Gare
,Avenue de la Grande Allée
,Avenue des Ancêtres
,Avenue des Bois-Francs
,Avenue des Golfs
,Avenue du Bocage
,Avenue du Mistral
,Avenue du Noroît
,Avenue du Suroît
,Boulevard Raymond
,Boulevard des Entreprises
,Chemin Gascon
,Chemin Newton
,Chemin Pincourt
,Chemin Quintal
,Chemin Saint-Henri
,Chemin Saint-Paul
,Chemin Saint-Philippe
,Chemin Saint-Pierre
,Chemin de la Cabane-Ronde
,Chemin de la Côte-Georges
,Chemin des Anglais
,Chemin du Lac
,Croissant Augusta
,Croissant D'Auteuil
,Croissant Duland
,Croissant Dumont
,Croissant Fieldcrest
,Croissant Georges-Delfosse
,Croissant Gosselin
,Croissant Guay
,Croissant Lemelin
,Croissant Louise
,Croissant Nelligan
,Croissant Taschereau
,Croissant de Bourguignon
,Croissant de Castelnaud
,Croissant de Galles
,Croissant de Landreville
,Croissant des Geais-Bleus
,Croissant des Grives
,Croissant des Orioles
,Croissant des Roitelets
,Croissant des carouges
,Croissant du Grand-Duc
,Croissant du Trianon
,Croissant françois-Villon
,Escalier
,Montée du Domaine
,Place Alain
,Place Ardennes
,Place Balzac
,Place Bertrand
,Place Borduas
,Place Christie
,Place Colette
,Place Colville
,Place Corbeil
,Place Daveluy
,Place Favery
,Place Félix-Leclerc
,Place Glen-Abbey
,Place Jules-Verne
,Place Kennedy
,Place Larose
,Place Longval
,Place Mauriac
,Place Murray-Bay
,Place Prévert
,Place Rimbaud
,Place Saint-Jean
,Place Simonne-Monet-Chartrand
,Place Sullivan
,Place Tracy
,Place Voltaire
,Place de Beaumont
,Place de Chambois
,Place de Chambord
,Place de Charny
,Place de Chenonceau
,Place de Cheverny
,Place de Châtel
,Place de Deauville
,Place de Landreville
,Place de Lille
,Place de Rochefort
,Place de Ségur
,Place de Villandry
,Place de Vincennes
,Place de l'Alizé
,Place de l'Aquilon
,Place de l'Esplanade
,Place de la Brise
,Place de la Charente
,Place de la Tourmente
,Place des Bernaches
,Place des Charmilles
,Place des Colibris
,Place des Corbières
,Place des Fougeraies
,Place des Merles
,Place des Mésanges
,Place des Pluviers
,Place des Rapides
,Place des Roselins
,Place des Sittelles
,Place des Sizerins
,Place des Taillis
,Place des Tourterelles
,Place des Vents
,Place du Calvados
,Place du Grand-Héron
,Place du Louvre
,Place du Luxembourg
,Place du Martinet
,Place du Périgord
,Place du Vert
,Place la Millionnaire
,Rang du Grand-Coteau
,Route Saint-Philippe
,Rue Alex
,Rue Alexander
,Rue Alexandre-Dumas
,Rue Allard
,Rue Amicale
,Rue Andrassy
,Rue André-Le Nôtre
,Rue Annette
,Rue Archambault
,Rue Arsenault
,Rue Auger
,Rue Baker
,Rue Barott
,Rue Baudelaire
,Rue Bazinet
,Rue Beauchamp
,Rue Beaudoin
,Rue Beauregard
,Rue Bergeron
,Rue Birch-Grove
,Rue Bohémier
,Rue Boissonneault
,Rue Bombardier
,Rue Bourgie
,Rue Bourgouin
,Rue Brady
,Rue Breault
,Rue Brien
,Rue Brochu
,Rue Bélanger
,Rue Bérard
,Rue Camus
,Rue Cantin
,Rue Cardinal
,Rue Caron
,Rue Cedar
,Rue Center
,Rue Champagne
,Rue Charbonneau
,Rue Chartrand
,Rue Chauveau
,Rue Chauvette
,Rue Chayer
,Rue Chris-Ada
,Rue Churchill
,Rue Châteauroux
,Rue Circle
,Rue Claudel
,Rue Comtois
,Rue Contant
,Rue Corneille
,Rue Cossette
,Rue Cottage
,Rue Coursol
,Rue Crescent
,Rue Dalpé
,Rue Daudet
,Rue Davaugour
,Rue Demers
,Rue Deslongchamps
,Rue Desportes
,Rue Devoyault
,Rue Doiron
,Rue Dompierre
,Rue Drouin
,Rue Dufort
,Rue Dugas
,Rue Duhamel
,Rue Dumont
,Rue Duval
,Rue Ellis
,Rue Elm
,Rue Forest
,Rue Françoise-Giroud
,Rue Gagnon
,Rue Gauthier
,Rue Gauvreau
,Rue George-Sand
,Rue Glen-Abbey
,Rue Glengarry
,Rue Godbout
,Rue Gouin
,Rue Grignon
,Rue Grégoire
,Rue Guilbault
,Rue Henderson
,Rue Henriette
,Rue Herbert
,Rue Hervé-Robinson
,Rue Houle
,Rue Iberville
,Rue Jaywood
,Rue Jeannotte
,Rue Jordan
,Rue Joy
,Rue Jules-Romains
,Rue Kolle
,Rue La Vérendrye
,Rue Labelle
,Rue Lafontaine
,Rue Lamartine
,Rue Lambert
,Rue Lamontagne
,Rue Lamoureux
,Rue Landry
,Rue Lapointe
,Rue Laprade
,Rue Lasalle
,Rue Lauzon
,Rue Laval
,Rue Lavallée
,Rue Le Gardeur
,Rue Lemire
,Rue Lesage
,Rue Lincoln
,Rue Lionel Groulx
,Rue Locas
,Rue Longpré
,Rue Lorraine
,Rue Louis-Blériot
,Rue Louis-Hébert
,Rue Lusignan
,Rue Lussier
,Rue Légaré
,Rue Lévesque
,Rue Mactier
,Rue Maple
,Rue Marcel
,Rue Marchand
,Rue Marconi
,Rue Marguerite-Duras
,Rue Martel
,Rue Mc Cune
,Rue Mercier
,Rue Michigan
,Rue Molière
,Rue Monette
,Rue Montcalm
,Rue Montmartre
,Rue Moorecrest
,Rue Morin
,Rue Morris
,Rue Morrisseau
,Rue Murray-Bay
,Rue Mégantic
,Rue Nelson
,Rue Nicole
,Rue North
,Rue Northview
,Rue Odette
,Rue Ontario
,Rue Pangman
,Rue Paquette
,Rue Parent
,Rue Park Row
,Rue Patenaude
,Rue Pelchat
,Rue Pelletier
,Rue Percival
,Rue Perrier
,Rue Phillips
,Rue Pigeon
,Rue Pine
,Rue Pine-Brook
,Rue Poirier
,Rue Poplar
,Rue Preston
,Rue Principale
,Rue Private
,Rue Pronovost
,Rue Prudent-Beaudry
,Rue Renaud
,Rue River
,Rue Robincrest
,Rue Robinson
,Rue Rochon
,Rue Rolland
,Rue Rostand
,Rue Rousseau
,Rue Roy
,Rue Russel
,Rue Saint-Andrews
,Rue Saint-Arnault
,Rue Saint-Laurent
,Rue Saint-Martin
,Rue Saint-Maurice
,Rue Sauvé
,Rue Sicard
,Rue South
,Rue Station
,Rue Sunny Side
,Rue Sunset
,Rue Supérieur
,Rue Suzanne
,Rue Séguin
,Rue Tedford
,Rue Terry-Fox
,Rue Thacker
,Rue Trudeau
,Rue Turenne
,Rue Verdier
,Rue Verlaine
,Rue Viola
,Rue Walsh
,Rue West
,Rue Wood
,Rue Woodfern
,Rue d'Albanie
,Rue d'Algérie
,Rue d'Alsace
,Rue d'Amboise
,Rue d'Amiens
,Rue d'Angers
,Rue d'Anjou
,Rue d'Antibes
,Rue d'Argentine
,Rue d'Artois
,Rue d'Auvergne
,Rue d'Avignon
,Rue d'Orléans
,Rue d'Île-de-France
,Rue de Bayeux
,Rue de Bayonne
,Rue de Bellancourt
,Rue de Berthier
,Rue de Boissy
,Rue de Bordeaux
,Rue de Bourgogne
,Rue de Brest
,Rue de Brissac
,Rue de Brompton
,Rue de Calais
,Rue de Cannes
,Rue de Carnac
,Rue de Chambly
,Rue de Chambois
,Rue de Champlain
,Rue de Charlesbourg
,Rue de Chartres
,Rue de Chaumont
,Rue de Chenonceau
,Rue de Cherbourg
,Rue de Clermont
,Rue de Côte-d'Ivoire
,Rue de Davignac
,Rue de Dieppe
,Rue de Dijon
,Rue de Dublin
,Rue de Dubuc
,Rue de Fontainebleau
,Rue de Galles
,Rue de Gaspé
,Rue de Glasgow
,Rue de Grande-Bretagne
,Rue de Greenwich
,Rue de Jean-Talon
,Rue de Limoges
,Rue de Liverpool
,Rue de Lorient
,Rue de Léry
,Rue de Lévis
,Rue de Manchester
,Rue de Margaux
,Rue de Monaco
,Rue de Montbéliard
,Rue de Montpellier
,Rue de Musset
,Rue de Naples
,Rue de Nice
,Rue de Norvège
,Rue de Papineau
,Rue de Paris
,Rue de Picardie
,Rue de Pompadour
,Rue de Pompéi
,Rue de Pontiac
,Rue de Richelieu
,Rue de Rouen
,Rue de Saint-Gabriel
,Rue de Saint-Malo
,Rue de Saint-Étienne
,Rue de Saintonge
,Rue de Sancerre
,Rue de Suisse
,Rue de Toulon
,Rue de Toulouse
,Rue de Touraine
,Rue de Valence
,Rue de Vanier
,Rue de Versailles
,Rue de Viau
,Rue de Vigny
,Rue de l'Acadie
,Rue de l'Aigle
,Rue de l'Albatros
,Rue de l'Alizé
,Rue de l'Amitié
,Rue de l'Amour
,Rue de l'Aéroport
,Rue de l'Hirondelle
,Rue de l'Oiselet
,Rue de l'Orangerie
,Rue de l'Oural
,Rue de l'Étourneau
,Rue de la Tamise
,Rue de la Verdure
,Rue des Alpes
,Rue des Amis
,Rue des Appalaches
,Rue des Bosquets
,Rue des Bouleaux
,Rue des Bruants
,Rue des Busards
,Rue des Buses
,Rue des Cascades
,Rue des Cerisiers
,Rue des Chardonnerets
,Rue des Cheviot
,Rue des Chrysanthèmes
,Rue des Chênes
,Rue des Cèdres
,Rue des Faucons
,Rue des Flandres
,Rue des Fontaines
,Rue des Futaies
,Rue des Gerbes
,Rue des Glaïeuls
,Rue des Gouverneurs
,Rue des Gros-Arbres
,Rue des Jardins
,Rue des Jonquilles
,Rue des Laurentides
,Rue des Lilas
,Rue des Lys
,Rue des Marguerites
,Rue des Martins-Pêcheurs
,Rue des Muguets
,Rue des Mésanges
,Rue des Nénuphars
,Rue des Oeillets
,Rue des Orchidées
,Rue des Parterres
,Rue des Peupliers
,Rue des Pivoines
,Rue des Plantes
,Rue des Pommiers
,Rue des Prés
,Rue des Pyrénées
,Rue des Pâquerettes
,Rue des Rocheuses
,Rue des Roses
,Rue des Sapins
,Rue des Saules
,Rue des Tilleuls
,Rue des Trembles
,Rue des Trèfles
,Rue des Tulipes
,Rue des Violettes
,Rue des Éperviers
,Rue des Épinettes
,Rue des Érables
,Rue du Berry
,Rue du Bord-de-l'Eau
,Rue du Bourbonnais
,Rue du Curé-Lalande
,Rue du Danemark
,Rue du Dorset
,Rue du Grand-Héron
,Rue du Hameau
,Rue du Havre
,Rue du Limousin
,Rue du Lyonnais
,Rue du Mans
,Rue du Méga Centre
,Rue du Panama
,Rue du Roussillon
,Rue du Verger
,Rue l'Heureux
,Rue Éthier
,Sentier-J
,Terrasse Andrew
,Terrasse Garden
,Terrasse John
,Terrasse Lamarche
,Terrasse Preston
,Terrasse lamarche
Centre,Boulevard de Mascouche
Centre,Chemin Sainte-Marie
Centre,Montée Masson
Centre,Rue Dupras
Centre,Rue Saint-Pierre
Centre,Rue de l'Église
Nord,Avenue des Érables
Nord,Rue des Pins
Sud,Rue Forget
Sud,Rue Gravel
